bundle_size,n_bundles,avg_qualifiers_shown,avg_qualifier_time_seconds,avg_respondents_used,p95_respondents_used,prob_all_categories_hit_target,avg_min_completes,avg_mean_interview_seconds,avg_p95_interview_seconds,avg_surveys_per_respondent,avg_share_2plus_surveys,avg_share_3plus_surveys,avg_max_exposure_deviation
15,6.0,12.833333333333334,19.25,12524.8,13555.6,1.0,200.0,153.38626484220217,467.5893447411339,1.2328433800540803,0.3237391119303449,0.2874496926544192,0.009880610512244179
20,4.0,19.25,28.875,8450.4,9377.6,1.0,200.0,228.36965382773747,474.2456308864988,1.8335271973559895,0.47863330629057865,0.4372548591460042,0.007582035502366547
25,4.0,19.25,28.875,8450.4,9377.6,1.0,200.0,228.36965382773747,474.2456308864988,1.8335271973559895,0.47863330629057865,0.4372548591460042,0.007582035502366547
30,3.0,25.666666666666668,38.5,6323.0,6645.4,1.0,200.0,303.97152497841614,476.015657169912,2.4398484852488935,0.6488650424231368,0.6095148869869316,0.007300851891660157
35,3.0,25.666666666666668,38.5,6323.0,6645.4,1.0,200.0,303.97152497841614,476.015657169912,2.4398484852488935,0.6488650424231368,0.6095148869869316,0.007300851891660157
