policy_name,avg_respondents_used,p95_respondents_used,prob_all_categories_hit_target,avg_min_completes,avg_mean_interview_seconds,p95_mean_interview_seconds,avg_p95_interview_seconds,avg_surveys_per_respondent,avg_share_2plus_surveys,avg_share_3plus_surveys,avg_qualifiers_shown,avg_qualifier_time_seconds,avg_max_exposure_deviation
giant_bundle_multi_with_qualifier_cost,4975.9,4988.3,1.0,200.0,452.24193359763706,453.1602433768132,478.5540444900049,3.0949286405733987,0.9788630135945968,0.8571747947656101,77.0,115.5,0.00442115969138618
bundled_multi_survey_15q,12698.6,14108.65,1.0,200.0,152.0096053057218,169.49768861037867,467.30606872973493,1.220176252102069,0.3194578861696874,0.2826438703106887,12.833333333333334,19.25,0.008596762743954222
bundled_one_survey_15q,16161.3,16294.1,1.0,200.0,122.93163201025486,123.6585867869415,185.73116849921644,0.9529183393301967,0.0,0.0,12.833333333333334,19.25,0.007885152097403926
bundled_multi_survey_10q,16833.0,18684.399999999998,1.0,200.0,114.41481983462214,122.45376305764435,452.1045837198011,0.9188806931832755,0.24993231615375677,0.2063095854545663,9.625,14.4375,0.008458417221584257
