policy_name,seed,total_respondents_used,all_categories_hit_target,min_completes,mean_interview_seconds,p95_interview_seconds,avg_surveys_per_respondent,share_2plus_surveys,share_3plus_surveys,avg_qualifiers_shown,avg_qualifier_time_seconds,max_exposure_deviation
giant_bundle_multi_with_qualifier_cost,16,4969,True,200,452.70832303504505,478.5141117470339,3.0992151338297442,0.9802777218756289,0.8583215938820689,77,115.5,0.0041722600120748625
giant_bundle_multi_with_qualifier_cost,17,4965,True,200,452.9799913718306,478.6547500169836,3.1017119838872103,0.9790533736153072,0.8694864048338369,77,115.5,0.004456802618328298
giant_bundle_multi_with_qualifier_cost,18,4991,True,200,451.2219309078619,478.5238673079293,3.085553997194951,0.9743538369064316,0.8549388900020036,77,115.5,0.004639180524944901
giant_bundle_multi_with_qualifier_cost,19,4985,True,200,451.6260094606096,478.48809846304357,3.0892678034102308,0.9769307923771314,0.8495486459378134,77,115.5,0.00369088264794383
giant_bundle_multi_with_qualifier_cost,20,4979,True,200,452.03106189217493,478.5141117470339,3.092990560353485,0.9783088973689495,0.8580036151837719,77,115.5,0.004336041373769833
