policy_name,seed,total_respondents_used,all_categories_hit_target,min_completes,mean_interview_seconds,p95_interview_seconds,avg_surveys_per_respondent,share_2plus_surveys,share_3plus_surveys,avg_qualifiers_shown,avg_qualifier_time_seconds,max_exposure_deviation
giant_bundle_multi_with_qualifier_cost,11,4982,True,200,451.8284137216256,478.7938314884668,3.091128061019671,0.9793255720594138,0.8542753914090727,77,115.5,0.004948637093536729
giant_bundle_multi_with_qualifier_cost,12,4969,True,200,452.70832303504505,478.8178929705173,3.0992151338297442,0.979875226403703,0.8605353189776616,77,115.5,0.004511057556852485
giant_bundle_multi_with_qualifier_cost,13,4972,True,200,452.5048586406152,478.7035010741092,3.0973451327433628,0.9798873692679002,0.8582059533386966,77,115.5,0.004865442477876106
giant_bundle_multi_with_qualifier_cost,14,4967,True,200,452.8441025087858,478.8377898414619,3.1004630561707267,0.9800684517817596,0.8558486007650493,77,115.5,0.004569328568552444
giant_bundle_multi_with_qualifier_cost,15,4956,True,200,453.59284849901917,478.5009873700328,3.1073446327683616,0.9830508474576272,0.8666263115415658,77,115.5,0.0030954237288135598
